{
  "1444351698410930186": {
    "1451667090787536956": {
      "prize": "Discord Nitro",
      "winners": 1,
      "duration": "10s",
      "channelId": "1444351698976899134",
      "hostId": "1084310749981200406",
      "endTime": 1766174814626,
      "ended": true
    },
    "1454567028873760809": {
      "prize": "Test",
      "winners": 1,
      "duration": "1m",
      "channelId": "1454566717484437627",
      "hostId": "1084310749981200406",
      "endTime": 1766866263880,
      "ended": true
    }
  }
}