{
  "1444351698410930186": {
    "panels": [
      {
        "id": "1",
        "name": "test",
        "channelId": "1444351698976899134",
        "categoryId": "1444351698976899132",
        "supportRoles": [],
        "logChannelId": null,
        "enabled": true,
        "buttonLabel": "sdtest",
        "buttonEmoji": "🎫",
        "buttonStyle": "Primary",
        "messageTitle": "test test",
        "messageDesc": "teststtac sff"
      }
    ],
    "tickets": [],
    "settings": {
      "transcriptChannel": null,
      "maxTickets": 1
    }
  }
}