{
  "1444351698410930186": {
    "enabled": true,
    "loggingChannel": null,
    "whitelist": {},
    "filters": {
      "ban": false,
      "kick": false,
      "prune": false,
      "memberUpdate": false,
      "roleCreate": false,
      "roleDelete": false,
      "roleUpdate": false,
      "channelCreate": false,
      "channelDelete": false,
      "channelUpdate": false,
      "webhookCreate": false,
      "webhookDelete": false,
      "webhookUpdate": false,
      "botAdd": false,
      "guildUpdate": false,
      "mentionSpam": false
    },
    "minuteLimit": 10,
    "hourLimit": 50,
    "thresholdHeat": 100,
    "heatPerAction": 10,
    "decayIntervalSec": 60,
    "decayAmount": 1,
    "zplus": false,
    "panicMode": false
  },
  "1451255340850221200": {
    "enabled": true,
    "loggingChannel": null,
    "whitelist": {},
    "filters": {
      "ban": false,
      "kick": false,
      "prune": false,
      "memberUpdate": false,
      "roleCreate": false,
      "roleDelete": false,
      "roleUpdate": false,
      "channelCreate": false,
      "channelDelete": false,
      "channelUpdate": false,
      "webhookCreate": false,
      "webhookDelete": false,
      "webhookUpdate": false,
      "botAdd": false,
      "guildUpdate": false,
      "mentionSpam": false
    },
    "minuteLimit": 10,
    "hourLimit": 50,
    "thresholdHeat": 100,
    "heatPerAction": 10,
    "decayIntervalSec": 60,
    "decayAmount": 1,
    "zplus": false,
    "panicMode": false,
    "mainRoles": [
      "1451255779528020091"
    ]
  }
}