{
  "1444351698410930186": {
    "enabled": false,
    "punishment": "mute",
    "logging": null,
    "filters": {
      "heat": {
        "enabled": false,
        "threshold": 5,
        "decay": 2
      },
      "automute": {
        "enabled": false,
        "threshold": 10
      },
      "links": {
        "enabled": false
      },
      "invites": {
        "enabled": false
      },
      "mentions": {
        "enabled": false,
        "threshold": 5
      },
      "caps": {
        "enabled": false,
        "threshold": 70
      },
      "spoilers": {
        "enabled": false,
        "threshold": 3
      },
      "newlines": {
        "enabled": false,
        "threshold": 10
      }
    },
    "ignore": {
      "channels": [],
      "roles": [],
      "users": []
    },
    "blacklist": {
      "words": [
        "fuckyou"
      ],
      "punishment": "mute",
      "whitelisted_channels": [],
      "whitelisted_roles": []
    }
  },
  "1451255340850221200": {
    "enabled": false,
    "punishment": "mute",
    "logging": null,
    "filters": {
      "heat": {
        "enabled": false,
        "threshold": 5,
        "decay": 2
      },
      "automute": {
        "enabled": false,
        "threshold": 10
      },
      "links": {
        "enabled": false
      },
      "invites": {
        "enabled": false
      },
      "mentions": {
        "enabled": false,
        "threshold": 5
      },
      "caps": {
        "enabled": false,
        "threshold": 70
      },
      "spoilers": {
        "enabled": false,
        "threshold": 3
      },
      "newlines": {
        "enabled": false,
        "threshold": 10
      }
    },
    "ignore": {
      "channels": [],
      "roles": [],
      "users": []
    },
    "blacklist": {
      "words": [
        "fuckyou",
        "fuck",
        "fuckyouto"
      ],
      "punishment": "mute",
      "whitelisted_channels": [],
      "whitelisted_roles": []
    }
  }
}